{"_runtime":2374,"_step":19,"lr":0.001,"_timestamp":1.7633063221616118e+09,"train_loss":0.1039687831401825,"best_epoch":20,"total_train_time":2372.9714782238007,"_wandb":{"runtime":2374},"best_val_acc":0.7372,"val_acc":0.7372,"epoch":20,"val_loss":0.8245443538665771,"train_acc":0.967,"epoch_time":118.51683831214905}